<?xml version="1.0" encoding="UTF-8"?>
<project-private xmlns="http://www.netbeans.org/ns/project-private/1">
    <editor-bookmarks xmlns="http://www.netbeans.org/ns/editor-bookmarks/2" lastBookmarkId="0"/>
    <open-files xmlns="http://www.netbeans.org/ns/projectui-open-files/2">
        <group>
            <file>file:/C:/Users/Alex/Documents/NetBeansProjects/BorkProject/src/Item.java</file>
            <file>file:/C:/Users/Alex/Documents/NetBeansProjects/BorkProject/src/TakeCommand.java</file>
            <file>file:/C:/Users/Alex/Documents/NetBeansProjects/BorkProject/src/MovementCommand.java</file>
            <file>file:/C:/Users/Alex/Documents/NetBeansProjects/BorkProject/src/CommandFactory.java</file>
            <file>file:/C:/Users/Alex/Documents/NetBeansProjects/BorkProject/src/DropCommand.java</file>
            <file>file:/C:/Users/Alex/Documents/NetBeansProjects/BorkProject/src/InventoryCommand.java</file>
            <file>file:/C:/Users/Alex/Documents/NetBeansProjects/BorkProject/src/Command.java</file>
            <file>file:/C:/Users/Alex/Documents/NetBeansProjects/BorkProject/src/UnknownCommand.java</file>
            <file>file:/C:/Users/Alex/Documents/NetBeansProjects/BorkProject/src/Dungeon.java</file>
            <file>file:/C:/Users/Alex/Documents/NetBeansProjects/BorkProject/src/Exit.java</file>
            <file>file:/C:/Users/Alex/Documents/NetBeansProjects/BorkProject/src/Interpreter.java</file>
            <file>file:/C:/Users/Alex/Documents/NetBeansProjects/BorkProject/src/Teleport.java</file>
            <file>file:/C:/Users/Alex/Documents/NetBeansProjects/BorkProject/src/NPC.java</file>
            <file>file:/C:/Users/Alex/Documents/NetBeansProjects/BorkProject/src/GameState.java</file>
            <file>file:/C:/Users/Alex/Documents/NetBeansProjects/BorkProject/src/Room.java</file>
            <file>file:/C:/Users/Alex/Documents/NetBeansProjects/BorkProject/src/SaveCommand.java</file>
            <file>file:/C:/Users/Alex/Documents/NetBeansProjects/BorkProject/src/ItemSpecificCommand.java</file>
        </group>
    </open-files>
</project-private>
